Year,AvgDailyReturn,AvgVolatility,TotalVolume,CompanyCount,AvgGDP,AvgInflation
2021,0.22834328277333432,1.8868247563619494,75134249720,91,23725.6455078125,270.96790313720703
