Year,AvgDailyReturn,AvgVolatility,TotalVolume,CompanyCount,AvgGDP,AvgInflation
2024,0.05915179062743088,2.1163192027261046,183047086936,93,29298.0126953125,313.6978530883789
