year,quarter,avg_return,avg_volatility,gdp,inflation,company_count,period
2024,2,-0.04317181305352436,1.6696519313947014,,,92,2024-Q2
2024,3,0.10101849538889086,1.7717617691858956,,,92,2024-Q3
2024,4,0.03592836725155032,1.8863456912579075,,,93,2024-Q4
2025,1,0.03621651632989676,1.9888298790092054,,,92,2025-Q1
2025,2,0.139638587144082,2.9995874040152715,,,92,2025-Q2
