year,quarter,forecasted_return,forecasted_volatility,ci_lower,ci_upper,confidence,trend
2025,3,0.07059449024184303,2.2915876580941283,-0.05221441334153505,0.1934033938252211,95%,Downward
2025,4,0.0821498645719406,2.4266683137062017,-0.03061802727925783,0.19491775642313902,95%,Downward
2026,1,0.09746098065262188,2.5726144586052,0.02626814393277012,0.16865381737247365,95%,Downward
2026,2,0.08340177848880183,2.43029014346851,0.012914555953733892,0.15388900102386976,95%,Downward
