Year,AvgDailyReturn,AvgVolatility,TotalVolume,CompanyCount,AvgGDP,AvgInflation
2025,0.1335893738129822,3.036024408720893,199637871212,92,15131.96044921875,240.89507293701172
