Year,AvgReturn,AvgUSD_INR,AvgVolatility,CompanyCount,Correlation
2025,0.1335893738129822,85.39900522641345,3.036024408720893,92,0
