year,quarter,avg_return,avg_volatility,gdp,inflation,company_count,period
2025,1,0.05235630496400003,2.0689382585494416,,,92,2025-Q1
2025,2,0.14410895916997737,2.5527182927598124,,,92,2025-Q2
2025,3,0.1234552547120193,1.764016898429912,,,92,2025-Q3
2025,4,0.034533439493869715,1.7804834251494512,,,92,2025-Q4
