Year,AvgReturn,AvgUSD_INR,AvgVolatility,CompanyCount,Correlation
2021,0.22834328277333432,75.39596753252947,1.8868247563619494,91,0
