Year,AvgReturn,AvgUSD_INR,AvgVolatility,CompanyCount,Correlation
2025,-0.14358472577900327,88.58317976228352,1.8856022371370538,92,0
