Year,AvgDailyReturn,AvgVolatility,TotalVolume,CompanyCount,AvgGDP,AvgInflation
2025,-0.14358472577900327,1.8856022371370538,93412047392,92,15131.96044921875,240.89507293701172
