Year,AvgReturn,AvgUSD_INR,AvgVolatility,CompanyCount,Correlation
2025,-0.05134857650286431,88.66000110973012,1.931828808751914,92,0
