Year,AvgDailyReturn,AvgVolatility,TotalVolume,CompanyCount,AvgGDP,AvgInflation
2025,-0.05134857650286431,1.931828808751914,18003503092,92,15131.96044921875,240.89507293701172
