Year,AvgReturn,AvgUSD_INR,AvgVolatility,CompanyCount,Correlation
2025,-0.07312883732600077,88.58317976228352,1.7981197066163173,92,0
