Year,AvgReturn,AvgUSD_INR,AvgVolatility,CompanyCount,Correlation
2024,0.05915179062743088,84.64415836891312,2.1163192027261046,93,0
