Year,AvgDailyReturn,AvgVolatility,TotalVolume,CompanyCount,AvgGDP,AvgInflation
2021,0.05221375879525106,1.7711023996618918,152096699172,91,23725.6455078125,270.96790313720703
