year,quarter,forecasted_return,forecasted_volatility,ci_lower,ci_upper,confidence,trend
2026,1,0.10069921779195547,2.032406205446392,0.010172829767924302,0.19122560581598663,95%,Upward
2026,2,0.08622930399928148,1.8589688430085853,0.00470752062322892,0.16775108737533406,95%,Upward
2026,3,0.07382065376170222,1.8906194912014762,-0.0006808064723867052,0.14832211399579115,95%,Upward
2026,4,0.08691639185097973,1.9273315132188176,0.01795781249943436,0.15587497120252508,95%,Upward
