Year,AvgDailyReturn,AvgVolatility,TotalVolume,CompanyCount,AvgGDP,AvgInflation
2025,0.035754154019431904,1.9264807206574486,22394928300,92,15131.96044921875,240.89507293701172
