Year,AvgReturn,AvgUSD_INR,AvgVolatility,CompanyCount,Correlation
2025,0.035754154019431904,88.67002731447974,1.9264807206574486,92,0
