year,quarter,forecasted_return,forecasted_volatility,ci_lower,ci_upper,confidence,trend
2026,1,0.10069921779195547,2.032406205446392,0.016047324360762477,0.18535111122314846,95%,Upward
2026,2,0.08622930399928148,1.8589688430085853,0.0016232699692551866,0.17083533802930778,95%,Upward
2026,3,0.07382065376170222,1.8906194912014762,-0.0006808064723867052,0.14832211399579115,95%,Upward
2026,4,0.08691639185097973,1.9273315132188176,0.01795781249943436,0.15587497120252508,95%,Upward
