Year,AvgDailyReturn,AvgVolatility,TotalVolume,CompanyCount,AvgGDP,AvgInflation
2024,0.40101121015765745,1.9272267942195354,67127132896,92,29298.0126953125,313.6978530883789
