Year,AvgReturn,AvgUSD_INR,AvgVolatility,CompanyCount,Correlation
2024,0.40101121015765745,82.7959991455078,1.9272267942195354,92,0
