Year,AvgReturn,AvgUSD_INR,AvgVolatility,CompanyCount,Correlation
2025,0.021427814026993015,88.58317976228352,1.8945058292331027,92,0
