Year,AvgDailyReturn,AvgVolatility,TotalVolume,CompanyCount,AvgGDP,AvgInflation
2025,-0.07312883732600077,1.7981197066163173,101833467796,92,15131.96044921875,240.89507293701172
