Year,Quarter,AvgReturn,AvgVolatility,GDPGrowth,InflationTrend,CompanyCount
2025,4,0.0,0.0,,,92
2025,3,0.1234552547120193,112.85794635440992,,,92
2025,2,0.14410895916997737,157.64176650669265,,,92
2025,1,0.05235630496400003,123.91799236380535,,,92
