Year,Quarter,AvgReturn,AvgVolatility,GDPGrowth,InflationTrend,CompanyCount
2024,4,0.0,0.0,0.0,0.0,93
2024,3,0.10101849538889086,113.48976767581442,0.0,0.0,92
2024,2,-0.0618562783802981,122.50231195532757,0.0,0.0,92
2024,1,0.23490544975198724,111.15109014511108,0.0,0.0,92
2023,4,0.18330876071653937,28.83019897730454,,,92
