Year,AvgDailyReturn,AvgVolatility,TotalVolume,CompanyCount,AvgGDP,AvgInflation
2025,0.021427814026993015,1.8945058292331027,107094508616,92,15131.96044921875,240.89507293701172
