Year,Quarter,AvgReturn,AvgVolatility,GDPGrowth,InflationTrend,CompanyCount
2021,4,0.1151752855761775,106.32107925415039,,,91
2021,3,-0.02133173325129754,95.81483337905381,,,91
2021,2,0.1017495343259505,99.03250285557338,,,91
2021,1,0.23724077723838471,130.3718709421682,,,91
