Year,AvgReturn,AvgUSD_INR,AvgVolatility,CompanyCount,Correlation
2021,0.05221375879525106,74.94759217742306,1.7711023996618918,91,0
