Year,AvgReturn,AvgUSD_INR,AvgVolatility,CompanyCount,Correlation
2024,-0.07080005684805026,83.42178165477449,2.054757273411044,92,0
