Year,AvgDailyReturn,AvgVolatility,TotalVolume,CompanyCount,AvgGDP,AvgInflation
2024,-0.07080005684805026,2.054757273411044,359553971008,92,29298.0126953125,313.6978530883789
