Year,Quarter,AvgReturn,AvgVolatility,GDPGrowth,InflationTrend,CompanyCount
2024,4,0.0,0.0,29825.181640625,316.5386962890625,93
2024,3,0.10101849538889086,113.48976767581442,29511.6640625,314.1827087402344,92
2024,2,-0.0618562783802981,122.50231195532757,29147.044921875,313.095703125,92
2024,1,0.23490544975198724,111.15109014511108,28708.16015625,310.97430419921875,92
